image1.jpg,0
image2.jpg,0
image3.jpg,0
image4.jpg,0
image5.jpg,0
image6.jpg,0
image7.jpg,0
image8.jpg,0
image9.jpg,0
image10.jpg,0
image11.jpg,0
image12.jpg,0
image13.jpg,0
image14.jpg,0
image15.jpg,2
image16.jpg,2
image17.jpg,2
image18.jpg,2
image19.jpg,2
image20.jpg,2
image21.jpg,2
image22.jpg,2
image23.jpg,0
image24.jpg,0
image25.jpg,0
image26.jpg,0
image27.jpg,0
image28.jpg,0
image29.jpg,0
image30.jpg,1
image31.jpg,1
image32.jpg,1
image33.jpg,1
image34.jpg,1
image35.jpg,1
image36.jpg,1
image37.jpg,1
image38.jpg,1
image39.jpg,1
image40.jpg,1
image41.jpg,1
image42.jpg,1
image43.jpg,0
image44.jpg,0
image45.jpg,0
image46.jpg,0
image47.jpg,0
image48.jpg,0
image49.jpg,0
image50.jpg,0
image51.jpg,0
image52.jpg,0
image53.jpg,0
image54.jpg,0
image55.jpg,0
image56.jpg,0
image57.jpg,0
image58.jpg,0
image59.jpg,0
image60.jpg,0
image61.jpg,0
image62.jpg,0
image63.jpg,0
image64.jpg,2
image65.jpg,2
image66.jpg,2
image67.jpg,2
image68.jpg,2
image69.jpg,2
image70.jpg,2
image71.jpg,2
image72.jpg,2
image73.jpg,2
image74.jpg,2
image75.jpg,2
image76.jpg,2
image77.jpg,2
image78.jpg,0
image79.jpg,0
image80.jpg,0
image81.jpg,0
image82.jpg,0
image83.jpg,0
image84.jpg,1
image85.jpg,1
image86.jpg,1
image87.jpg,1
image88.jpg,1
image89.jpg,1
image90.jpg,1
image91.jpg,1
image92.jpg,1
image93.jpg,1
image94.jpg,1
image95.jpg,1
image96.jpg,1
image97.jpg,0
image98.jpg,0
image99.jpg,0
image100.jpg,0
image101.jpg,0
image102.jpg,0
image103.jpg,0
image104.jpg,0
image105.jpg,0
image106.jpg,0
image107.jpg,0
image108.jpg,0
image109.jpg,0
image110.jpg,0
image111.jpg,0
image112.jpg,0
image113.jpg,0
image114.jpg,0
image115.jpg,0
image116.jpg,0
image117.jpg,0
image118.jpg,0
image119.jpg,0
image120.jpg,0
image121.jpg,0
image122.jpg,0
image123.jpg,0
image124.jpg,0
image125.jpg,0
image126.jpg,0
image127.jpg,0
image128.jpg,0
image129.jpg,2
image130.jpg,2
image131.jpg,2
image132.jpg,2
image133.jpg,2
image134.jpg,2
image135.jpg,2
image136.jpg,2
image137.jpg,2
image138.jpg,2
image139.jpg,2
image140.jpg,2
image141.jpg,2
image142.jpg,2
image143.jpg,2
image144.jpg,2
image145.jpg,2
image146.jpg,2
image147.jpg,2
image148.jpg,2
image149.jpg,2
image150.jpg,0
image151.jpg,0
image152.jpg,0
image153.jpg,0
image154.jpg,0
image155.jpg,0
image156.jpg,0
image157.jpg,0
image158.jpg,1
image159.jpg,1
image160.jpg,1
image161.jpg,1
image162.jpg,1
image163.jpg,1
image164.jpg,1
image165.jpg,1
image166.jpg,1
image167.jpg,1
image168.jpg,1
image169.jpg,1
image170.jpg,1
image171.jpg,1
image172.jpg,0
image173.jpg,0
image174.jpg,0
image175.jpg,0
image176.jpg,0
image177.jpg,0
image178.jpg,0
image179.jpg,0
image180.jpg,0
image181.jpg,0
image182.jpg,0
image183.jpg,0
image184.jpg,0
image185.jpg,2
image186.jpg,2
image187.jpg,2
image188.jpg,2
image189.jpg,2
image190.jpg,0
image191.jpg,0
image192.jpg,2
image193.jpg,2
image194.jpg,2
image195.jpg,2
image196.jpg,2
image197.jpg,2
image198.jpg,2
image199.jpg,2
image200.jpg,0
image201.jpg,0
image202.jpg,0
image203.jpg,1
image204.jpg,0
image205.jpg,1
image206.jpg,1
image207.jpg,1
image208.jpg,1
image209.jpg,1
image210.jpg,1
image211.jpg,1
image212.jpg,1
image213.jpg,0
image214.jpg,0
image215.jpg,0
image216.jpg,0
image217.jpg,0
image218.jpg,0
image219.jpg,0
image220.jpg,0
image221.jpg,0
image222.jpg,0
image223.jpg,0
image224.jpg,0
image225.jpg,0
image226.jpg,0
image227.jpg,0
image228.jpg,0
image229.jpg,0
image230.jpg,0
image231.jpg,2
image232.jpg,2
image233.jpg,2
image234.jpg,2
image235.jpg,2
image236.jpg,2
image237.jpg,2
image238.jpg,2
image239.jpg,2
image240.jpg,2
image241.jpg,2
image242.jpg,2
image243.jpg,2
image244.jpg,0
image245.jpg,0
image246.jpg,0
image247.jpg,0
image248.jpg,2
image249.jpg,2
image250.jpg,2
image251.jpg,0
image252.jpg,0
image253.jpg,0
image254.jpg,0
image255.jpg,0
image256.jpg,0
image257.jpg,0
image258.jpg,1
image259.jpg,1
image260.jpg,1
image261.jpg,1
image262.jpg,1
image263.jpg,1
image264.jpg,1
image265.jpg,1
image266.jpg,1
image267.jpg,1
image268.jpg,1
image269.jpg,1
image270.jpg,1
image271.jpg,1
image272.jpg,0
image273.jpg,0
image274.jpg,0
image275.jpg,0
image276.jpg,0
image277.jpg,0
image278.jpg,0
image279.jpg,0
image280.jpg,0
image281.jpg,0
image282.jpg,0
image283.jpg,0
image284.jpg,0
image285.jpg,0
image286.jpg,0
image287.jpg,0
image288.jpg,0
image289.jpg,0
image290.jpg,0
image291.jpg,0
image292.jpg,0
image293.jpg,0
image294.jpg,0
image295.jpg,0
image296.jpg,0
image297.jpg,0
image298.jpg,0
image299.jpg,0
image300.jpg,0
image301.jpg,2
image302.jpg,2
image303.jpg,2
image304.jpg,2
image305.jpg,2
image306.jpg,2
image307.jpg,2
image308.jpg,2
image309.jpg,0
image310.jpg,0
image311.jpg,2
image312.jpg,2
image313.jpg,2
image314.jpg,2
image315.jpg,2
image316.jpg,2
image317.jpg,2
image318.jpg,2
image319.jpg,2
image320.jpg,0
image321.jpg,0
image322.jpg,0
image323.jpg,0
image324.jpg,0
image325.jpg,1
image326.jpg,1
image327.jpg,1
image328.jpg,1
image329.jpg,1
image330.jpg,1
image331.jpg,1
image332.jpg,1
image333.jpg,1
image334.jpg,1
image335.jpg,1
image336.jpg,1
image337.jpg,1
image338.jpg,1
image339.jpg,1
image340.jpg,0
image341.jpg,0
image342.jpg,0
image343.jpg,0
image344.jpg,0
image345.jpg,0
image346.jpg,0
image347.jpg,0
image348.jpg,0
image349.jpg,0
image350.jpg,0
image351.jpg,0
image352.jpg,0
image353.jpg,0
image354.jpg,0
image355.jpg,0
image356.jpg,0
image357.jpg,0
image358.jpg,0
image359.jpg,0
image360.jpg,0
image361.jpg,0
image362.jpg,0
image363.jpg,0
image364.jpg,0
image365.jpg,0
image366.jpg,0
image367.jpg,0
image368.jpg,0
image369.jpg,0
image370.jpg,0
image371.jpg,2
image372.jpg,2
image373.jpg,2
image374.jpg,2
image375.jpg,2
image376.jpg,2
image377.jpg,2
image378.jpg,2
image379.jpg,2
image380.jpg,2
image381.jpg,2
image382.jpg,2
image383.jpg,2
image384.jpg,2
image385.jpg,0
image386.jpg,0
image387.jpg,0
image388.jpg,0
image389.jpg,0
image390.jpg,0
image391.jpg,1
image392.jpg,1
image393.jpg,1
image394.jpg,1
image395.jpg,1
image396.jpg,1
image397.jpg,1
image398.jpg,1
image399.jpg,1
image400.jpg,1
image401.jpg,1
image402.jpg,1
image403.jpg,1
image404.jpg,1
image405.jpg,0
image406.jpg,0
image407.jpg,0
image408.jpg,0
image409.jpg,0
image410.jpg,0
image411.jpg,0
image412.jpg,0
image413.jpg,0
image414.jpg,0
image415.jpg,0
image416.jpg,0
image417.jpg,0
image418.jpg,0
image419.jpg,0
image420.jpg,0
image421.jpg,0
image422.jpg,0
image423.jpg,0
image424.jpg,0
image425.jpg,0
image426.jpg,0
image427.jpg,2
image428.jpg,2
image429.jpg,2
image430.jpg,1
image431.jpg,1
image432.jpg,1
image433.jpg,1
image434.jpg,1
image435.jpg,0
image436.jpg,0
image437.jpg,0
image438.jpg,0
image439.jpg,2
image440.jpg,2
image441.jpg,2
image442.jpg,2
image443.jpg,2
image444.jpg,2
image445.jpg,2
image446.jpg,2
image447.jpg,2
image448.jpg,2
image449.jpg,2
image450.jpg,2
image451.jpg,2
image452.jpg,2
image453.jpg,2
image454.jpg,2
image455.jpg,2
image456.jpg,2
image457.jpg,2
image458.jpg,2
image459.jpg,2
image460.jpg,0
image461.jpg,1
image462.jpg,1
image463.jpg,1
image464.jpg,1
image465.jpg,1
image466.jpg,1
image467.jpg,1
image468.jpg,1
image469.jpg,1
image470.jpg,1
image471.jpg,1
image472.jpg,1
image473.jpg,1
image474.jpg,1
image475.jpg,1
image476.jpg,1
image477.jpg,0
image478.jpg,0
image479.jpg,0
image480.jpg,0
image481.jpg,0
image482.jpg,0
image483.jpg,0
image484.jpg,0
image485.jpg,0
image486.jpg,0
image487.jpg,0
image488.jpg,0
image489.jpg,0
image490.jpg,0
image491.jpg,0
image492.jpg,0
image493.jpg,0
image494.jpg,0
image495.jpg,0
image496.jpg,0
image497.jpg,0
image498.jpg,0
image499.jpg,0
image500.jpg,2
image501.jpg,2
image502.jpg,2
image503.jpg,2
image504.jpg,2
image505.jpg,2
image506.jpg,2
image507.jpg,2
image508.jpg,2
image509.jpg,2
image510.jpg,2
image511.jpg,2
image512.jpg,2
image513.jpg,2
image514.jpg,2
image515.jpg,2
image516.jpg,2
image517.jpg,1
image518.jpg,1
image519.jpg,1
image520.jpg,1
image521.jpg,1
image522.jpg,1
image523.jpg,1
image524.jpg,1
image525.jpg,1
image526.jpg,1
image527.jpg,1
image528.jpg,1
image529.jpg,1
image530.jpg,1
image531.jpg,1
image532.jpg,0
image533.jpg,0
image534.jpg,0
image535.jpg,0
image536.jpg,0
image537.jpg,0
image538.jpg,0
image539.jpg,0
image540.jpg,0
image541.jpg,0
image542.jpg,0
image543.jpg,0
image544.jpg,0
image545.jpg,0
image546.jpg,0
image547.jpg,0
image548.jpg,0
image549.jpg,0
image550.jpg,0
image551.jpg,0
image552.jpg,0
image553.jpg,0
image554.jpg,0
image555.jpg,0
image556.jpg,0
image557.jpg,0
image558.jpg,0
image559.jpg,0
image560.jpg,2
image561.jpg,2
image562.jpg,2
image563.jpg,2
image564.jpg,2
image565.jpg,2
image566.jpg,2
image567.jpg,2
image568.jpg,2
image569.jpg,2
image570.jpg,2
image571.jpg,2
image572.jpg,2
image573.jpg,2
image574.jpg,2
image575.jpg,2
image576.jpg,2
image577.jpg,2
image578.jpg,0
image579.jpg,0
image580.jpg,0
image581.jpg,0
image582.jpg,0
image583.jpg,1
image584.jpg,1
image585.jpg,1
image586.jpg,1
image587.jpg,1
image588.jpg,1
image589.jpg,1
image590.jpg,1
image591.jpg,1
image592.jpg,1
image593.jpg,1
image594.jpg,1
image595.jpg,1
image596.jpg,1
image597.jpg,1
image598.jpg,0
image599.jpg,0
image600.jpg,0
image601.jpg,0
image602.jpg,0
image603.jpg,0
image604.jpg,0
image605.jpg,0
image606.jpg,0
image607.jpg,0
image608.jpg,0
image609.jpg,0
image610.jpg,0
image611.jpg,0
image612.jpg,0
image613.jpg,0
image614.jpg,0
image615.jpg,0
image616.jpg,0
image617.jpg,2
image618.jpg,2
image619.jpg,2
image620.jpg,2
image621.jpg,2
image622.jpg,2
image623.jpg,2
image624.jpg,2
image625.jpg,2
image626.jpg,2
image627.jpg,2
image628.jpg,2
image629.jpg,2
image630.jpg,2
image631.jpg,2
image632.jpg,2
image633.jpg,2
image634.jpg,2
image635.jpg,2
image636.jpg,0
image637.jpg,0
image638.jpg,1
image639.jpg,1
image640.jpg,1
image641.jpg,1
image642.jpg,1
image643.jpg,1
image644.jpg,1
image645.jpg,1
image646.jpg,1
image647.jpg,1
image648.jpg,1
image649.jpg,1
image650.jpg,1
image651.jpg,1
image652.jpg,1
image653.jpg,1
image654.jpg,0
image655.jpg,0
image656.jpg,0
image657.jpg,0
image658.jpg,0
image659.jpg,0
image660.jpg,0
image661.jpg,0
image662.jpg,0
image663.jpg,0
image664.jpg,0
image665.jpg,0
image666.jpg,0
image667.jpg,0
image668.jpg,0
image669.jpg,0
image670.jpg,0
image671.jpg,0
image672.jpg,0
image673.jpg,0
image674.jpg,0
image675.jpg,0
image676.jpg,0
image677.jpg,0
image678.jpg,0
image679.jpg,0
image680.jpg,0
image681.jpg,0
image682.jpg,0
image683.jpg,0
image684.jpg,0
image685.jpg,0
image686.jpg,0
image687.jpg,0
image688.jpg,0
image689.jpg,0
image690.jpg,0
image691.jpg,0
image692.jpg,0
image693.jpg,0
image694.jpg,2
image695.jpg,2
image696.jpg,2
image697.jpg,2
image698.jpg,2
image699.jpg,2
image700.jpg,2
image701.jpg,2
image702.jpg,2
image703.jpg,2
image704.jpg,2
image705.jpg,2
image706.jpg,2
image707.jpg,2
image708.jpg,2
image709.jpg,2
image710.jpg,2
image711.jpg,2
image712.jpg,1
image713.jpg,1
image714.jpg,1
image715.jpg,1
image716.jpg,1
image717.jpg,1
image718.jpg,1
image719.jpg,1
image720.jpg,1
image721.jpg,1
image722.jpg,1
image723.jpg,1
image724.jpg,1
image725.jpg,1
image726.jpg,1
image727.jpg,0
image728.jpg,0
image729.jpg,0
image730.jpg,0
image731.jpg,0
image732.jpg,0
image733.jpg,0
image734.jpg,0
image735.jpg,0
image736.jpg,0
image737.jpg,0
image738.jpg,0
image739.jpg,0
image740.jpg,0
image741.jpg,0
image742.jpg,0
image743.jpg,0
image744.jpg,0
image745.jpg,0
image746.jpg,0
image747.jpg,0
image748.jpg,0
image749.jpg,0
image750.jpg,0
image751.jpg,0
image752.jpg,0
image753.jpg,0
image754.jpg,0
image755.jpg,0
image756.jpg,0
image757.jpg,0
image758.jpg,0
image759.jpg,0
image760.jpg,0
image761.jpg,0
image762.jpg,0
image763.jpg,2
image764.jpg,2
image765.jpg,2
image766.jpg,2
image767.jpg,2
image768.jpg,2
image769.jpg,2
image770.jpg,2
image771.jpg,1
image772.jpg,1
image773.jpg,1
image774.jpg,1
image775.jpg,1
image776.jpg,1
image777.jpg,1
image778.jpg,1
image779.jpg,1
image780.jpg,1
image781.jpg,1
image782.jpg,1
image783.jpg,1
image784.jpg,1
image785.jpg,0
image786.jpg,0
image787.jpg,0
image788.jpg,0
image789.jpg,0
image790.jpg,0
image791.jpg,0
image792.jpg,2
image793.jpg,2
image794.jpg,2
image795.jpg,2
image796.jpg,2
image797.jpg,2
image798.jpg,2
image799.jpg,2
image800.jpg,2
image801.jpg,0
image802.jpg,0
image803.jpg,0
image804.jpg,0
image805.jpg,2
image806.jpg,2
image807.jpg,2
image808.jpg,2
image809.jpg,2
image810.jpg,2
image811.jpg,2
image812.jpg,2
image813.jpg,2
image814.jpg,2
image815.jpg,0
image816.jpg,0
image817.jpg,0
image818.jpg,1
image819.jpg,1
image820.jpg,1
image821.jpg,1
image822.jpg,1
image823.jpg,1
image824.jpg,1
image825.jpg,1
image826.jpg,1
image827.jpg,1
image828.jpg,0
image829.jpg,0
image830.jpg,0
image831.jpg,0
image832.jpg,0
image833.jpg,0
image834.jpg,2
image835.jpg,2
image836.jpg,2
image837.jpg,2
image838.jpg,2
image839.jpg,2
image840.jpg,0
image841.jpg,0
image842.jpg,0
image843.jpg,0
image844.jpg,2
image845.jpg,2
image846.jpg,2
image847.jpg,2
image848.jpg,2
image849.jpg,2
image850.jpg,2
image851.jpg,2
image852.jpg,2
image853.jpg,2
image854.jpg,0
image855.jpg,0
image856.jpg,0
image857.jpg,0
image858.jpg,1
image859.jpg,1
image860.jpg,1
image861.jpg,1
image862.jpg,1
image863.jpg,1
image864.jpg,1
image865.jpg,1
image866.jpg,0
image867.jpg,0
image868.jpg,1
image869.jpg,1
image870.jpg,1
image871.jpg,0
image872.jpg,0
image873.jpg,0
image874.jpg,0
image875.jpg,0
image876.jpg,0
image877.jpg,0
image878.jpg,0
image879.jpg,1
image880.jpg,1
image881.jpg,2
image882.jpg,2
image883.jpg,2
image884.jpg,2
image885.jpg,2
image886.jpg,2
image887.jpg,2
image888.jpg,2
image889.jpg,0
image890.jpg,0
image891.jpg,0
image892.jpg,0
image893.jpg,0
image894.jpg,1
image895.jpg,1
image896.jpg,1
image897.jpg,1
image898.jpg,1
image899.jpg,1
image900.jpg,1
image901.jpg,1
image902.jpg,0
image903.jpg,0
image904.jpg,0
image905.jpg,0
image906.jpg,0
image907.jpg,0
image908.jpg,0
image909.jpg,0
image910.jpg,0
image911.jpg,0
image912.jpg,1
image913.jpg,1
image914.jpg,1
image915.jpg,1
image916.jpg,0
image917.jpg,0
image918.jpg,0
image919.jpg,0
image920.jpg,0
image921.jpg,0
image922.jpg,0
image923.jpg,0
image924.jpg,0
image925.jpg,0
image926.jpg,0
image927.jpg,0
image928.jpg,0
image929.jpg,0
image930.jpg,0
image931.jpg,0
image932.jpg,0
image933.jpg,0
image934.jpg,0
image935.jpg,0
image936.jpg,0
image937.jpg,0
image938.jpg,0
image939.jpg,0
image940.jpg,0
image941.jpg,2
image942.jpg,2
image943.jpg,2
image944.jpg,2
image945.jpg,2
image946.jpg,2
image947.jpg,2
image948.jpg,2
image949.jpg,2
image950.jpg,2
image951.jpg,2
image952.jpg,2
image953.jpg,2
image954.jpg,2
image955.jpg,2
image956.jpg,2
image957.jpg,2
image958.jpg,0
image959.jpg,1
image960.jpg,1
image961.jpg,1
image962.jpg,1
image963.jpg,1
image964.jpg,1
image965.jpg,1
image966.jpg,1
image967.jpg,1
image968.jpg,1
image969.jpg,1
image970.jpg,1
image971.jpg,1
image972.jpg,1
image973.jpg,1
image974.jpg,0
image975.jpg,0
image976.jpg,0
image977.jpg,0
image978.jpg,0
image979.jpg,0
image980.jpg,0
image981.jpg,0
image982.jpg,0
image983.jpg,0
image984.jpg,0
image985.jpg,0
image986.jpg,0
image987.jpg,0
image988.jpg,0
image989.jpg,0
image990.jpg,0
image991.jpg,0
image992.jpg,0
image993.jpg,0
image994.jpg,2
image995.jpg,2
image996.jpg,2
image997.jpg,2
image998.jpg,2
image999.jpg,2
image1000.jpg,2
image1001.jpg,2
image1002.jpg,2
image1003.jpg,2
image1004.jpg,2
image1005.jpg,2
image1006.jpg,2
image1007.jpg,2
image1008.jpg,2
image1009.jpg,0
image1010.jpg,0
image1011.jpg,2
image1012.jpg,2
image1013.jpg,2
image1014.jpg,2
image1015.jpg,2
image1016.jpg,2
image1017.jpg,0
image1018.jpg,1
image1019.jpg,1
image1020.jpg,1
image1021.jpg,1
image1022.jpg,1
image1023.jpg,1
image1024.jpg,1
image1025.jpg,1
image1026.jpg,1
image1027.jpg,1
image1028.jpg,1
image1029.jpg,1
image1030.jpg,1
image1031.jpg,1
image1032.jpg,1
image1033.jpg,0
image1034.jpg,0
image1035.jpg,1
image1036.jpg,1
image1037.jpg,1
image1038.jpg,0
image1039.jpg,0
image1040.jpg,0
image1041.jpg,0
image1042.jpg,0
image1043.jpg,0
image1044.jpg,0
image1045.jpg,0
image1046.jpg,0
image1047.jpg,0
image1048.jpg,0
image1049.jpg,0
image1050.jpg,0
image1051.jpg,0
image1052.jpg,0
image1053.jpg,0
image1054.jpg,0
image1055.jpg,0
image1056.jpg,0
image1057.jpg,0
image1058.jpg,0
image1059.jpg,0
image1060.jpg,0
image1061.jpg,0
image1062.jpg,0
image1063.jpg,0
image1064.jpg,0
image1065.jpg,0
image1066.jpg,0
image1067.jpg,0
image1068.jpg,0
image1069.jpg,0
image1070.jpg,0
image1071.jpg,0
image1072.jpg,0
image1073.jpg,2
image1074.jpg,2
image1075.jpg,2
image1076.jpg,2
image1077.jpg,2
image1078.jpg,2
image1079.jpg,2
image1080.jpg,2
image1081.jpg,2
image1082.jpg,2
image1083.jpg,2
image1084.jpg,2
image1085.jpg,2
image1086.jpg,2
image1087.jpg,1
image1088.jpg,1
image1089.jpg,1
image1090.jpg,1
image1091.jpg,1
image1092.jpg,1
image1093.jpg,1
image1094.jpg,1
image1095.jpg,1
image1096.jpg,1
image1097.jpg,1
image1098.jpg,0
image1099.jpg,0
image1100.jpg,0
image1101.jpg,0
image1102.jpg,0
image1103.jpg,0
image1104.jpg,0
image1105.jpg,0
image1106.jpg,0
image1107.jpg,1
image1108.jpg,1
image1109.jpg,1
image1110.jpg,1
image1111.jpg,1
image1112.jpg,1
image1113.jpg,1
image1114.jpg,0
image1115.jpg,0
image1116.jpg,0
image1117.jpg,0
image1118.jpg,0
image1119.jpg,0
image1120.jpg,0
image1121.jpg,0
image1122.jpg,0
image1123.jpg,2
image1124.jpg,2
image1125.jpg,2
image1126.jpg,2
image1127.jpg,2
image1128.jpg,2
image1129.jpg,2
image1130.jpg,2
image1131.jpg,2
image1132.jpg,2
image1133.jpg,0
image1134.jpg,0
image1135.jpg,0
image1136.jpg,0
image1137.jpg,1
image1138.jpg,1
image1139.jpg,1
image1140.jpg,1
image1141.jpg,1
image1142.jpg,1
image1143.jpg,1
image1144.jpg,1
image1145.jpg,1
image1146.jpg,1
image1147.jpg,0
image1148.jpg,0
image1149.jpg,2
image1150.jpg,2
image1151.jpg,2
image1152.jpg,2
image1153.jpg,2
image1154.jpg,2
image1155.jpg,2
image1156.jpg,2
image1157.jpg,2
image1158.jpg,2
image1159.jpg,0
image1160.jpg,0
image1161.jpg,0
image1162.jpg,1
image1163.jpg,1
image1164.jpg,1
image1165.jpg,1
image1166.jpg,1
image1167.jpg,1
image1168.jpg,1
image1169.jpg,1
image1170.jpg,1
image1171.jpg,1
image1172.jpg,0
image1173.jpg,0
image1174.jpg,0
image1175.jpg,2
image1176.jpg,2
image1177.jpg,2
image1178.jpg,2
image1179.jpg,2
image1180.jpg,2
image1181.jpg,2
image1182.jpg,2
image1183.jpg,1
image1184.jpg,1
image1185.jpg,1
image1186.jpg,1
image1187.jpg,1
image1188.jpg,1
image1189.jpg,2
image1190.jpg,2
image1191.jpg,2
image1192.jpg,2
image1193.jpg,2
image1194.jpg,2
image1195.jpg,2
image1196.jpg,0
image1197.jpg,1
image1198.jpg,1
image1199.jpg,1
image1200.jpg,1
image1201.jpg,1
image1202.jpg,2
image1203.jpg,2
image1204.jpg,2
image1205.jpg,2
image1206.jpg,2
image1207.jpg,2
image1208.jpg,2
image1209.jpg,1
image1210.jpg,1
image1211.jpg,1
image1212.jpg,1
image1213.jpg,1
image1214.jpg,1
image1215.jpg,1
image1216.jpg,1
image1217.jpg,1
image1218.jpg,1
image1219.jpg,1
image1220.jpg,1
image1221.jpg,1
image1222.jpg,1
image1223.jpg,1
image1224.jpg,1
image1225.jpg,1
image1226.jpg,2
image1227.jpg,2
image1228.jpg,2
image1229.jpg,2
image1230.jpg,2
image1231.jpg,2
image1232.jpg,2
image1233.jpg,2
image1234.jpg,2
image1235.jpg,2
image1236.jpg,2
image1237.jpg,2
image1238.jpg,2
image1239.jpg,2
image1240.jpg,2
image1241.jpg,2
image1242.jpg,2
image1243.jpg,2
image1244.jpg,2
image1245.jpg,0
image1246.jpg,0
image1247.jpg,0
image1248.jpg,2
image1249.jpg,2
image1250.jpg,2
image1251.jpg,2
image1252.jpg,2
image1253.jpg,2
image1254.jpg,1
image1255.jpg,1
image1256.jpg,1
image1257.jpg,1
image1258.jpg,1
image1259.jpg,1
image1260.jpg,1
image1261.jpg,1
image1262.jpg,1
image1263.jpg,1
image1264.jpg,1
image1265.jpg,2
image1266.jpg,2
image1267.jpg,2
image1268.jpg,2
image1269.jpg,2
image1270.jpg,2
image1271.jpg,2
image1272.jpg,2
image1273.jpg,2
image1274.jpg,2
image1275.jpg,2
image1276.jpg,2
image1277.jpg,2
image1278.jpg,2
image1279.jpg,2
image1280.jpg,2
image1281.jpg,1
image1282.jpg,1
image1283.jpg,1
image1284.jpg,1
image1285.jpg,1
image1286.jpg,1
image1287.jpg,1
image1288.jpg,1
image1289.jpg,1
image1290.jpg,1
image1291.jpg,1
image1292.jpg,1
image1293.jpg,2
image1294.jpg,2
image1295.jpg,2
image1296.jpg,2
image1297.jpg,2
image1298.jpg,2
image1299.jpg,2
image1300.jpg,2
image1301.jpg,2
image1302.jpg,2
image1303.jpg,0
image1304.jpg,0
image1305.jpg,0
image1306.jpg,2
image1307.jpg,2
image1308.jpg,2
image1309.jpg,2
image1310.jpg,2
image1311.jpg,1
image1312.jpg,1
image1313.jpg,1
image1314.jpg,1
image1315.jpg,1
image1316.jpg,1
image1317.jpg,1
image1318.jpg,1
image1319.jpg,1
image1320.jpg,2
image1321.jpg,2
image1322.jpg,2
image1323.jpg,2
image1324.jpg,2
image1325.jpg,2
image1326.jpg,2
image1327.jpg,0
image1328.jpg,0
image1329.jpg,2
image1330.jpg,2
image1331.jpg,2
image1332.jpg,2
image1333.jpg,2
image1334.jpg,2
image1335.jpg,2
image1336.jpg,2
image1337.jpg,2
image1338.jpg,2
image1339.jpg,2
image1340.jpg,0
image1341.jpg,0
image1342.jpg,1
image1343.jpg,1
image1344.jpg,1
image1345.jpg,1
image1346.jpg,1
image1347.jpg,1
image1348.jpg,1
image1349.jpg,1
image1350.jpg,1
image1351.jpg,1
image1352.jpg,0
image1353.jpg,2
image1354.jpg,2
image1355.jpg,2
image1356.jpg,2
image1357.jpg,2
image1358.jpg,2
image1359.jpg,2
image1360.jpg,2
image1361.jpg,2
image1362.jpg,2
image1363.jpg,2
image1364.jpg,2
image1365.jpg,2
image1366.jpg,2
image1367.jpg,2
image1368.jpg,2
image1369.jpg,2
image1370.jpg,2
image1371.jpg,1
image1372.jpg,1
image1373.jpg,1
image1374.jpg,1
image1375.jpg,1
image1376.jpg,1
image1377.jpg,1
image1378.jpg,1
image1379.jpg,1
image1380.jpg,1
image1381.jpg,1
image1382.jpg,1
image1383.jpg,1
image1384.jpg,1
image1385.jpg,1
image1386.jpg,1
image1387.jpg,1
image1388.jpg,0
image1389.jpg,0
